<?xml version="1.0" encoding="UTF-8"?>
<project-private xmlns="http://www.netbeans.org/ns/project-private/1">
    <editor-bookmarks xmlns="http://www.netbeans.org/ns/editor-bookmarks/2" lastBookmarkId="0"/>
    <open-files xmlns="http://www.netbeans.org/ns/projectui-open-files/2">
        <group>
            <file>file:/C:/Users/m.dossa/Documents/ADSE_2401/SEM_3/01_jakarta_enterprise_beans/BankTransferApp2401/BankTransferApp2401-war/src/java/com/bank/web/TransferServlet.java</file>
            <file>file:/C:/Users/m.dossa/Documents/ADSE_2401/SEM_3/01_jakarta_enterprise_beans/BankTransferApp2401/BankTransferApp2401-war/web/WEB-INF/web.xml</file>
            <file>file:/C:/Users/m.dossa/Documents/ADSE_2401/SEM_3/01_jakarta_enterprise_beans/BankTransferApp2401/BankTransferApp2401-war/web/index.html</file>
        </group>
    </open-files>
</project-private>
