<?xml version="1.0" encoding="UTF-8"?>
<project-private xmlns="http://www.netbeans.org/ns/project-private/1">
    <editor-bookmarks xmlns="http://www.netbeans.org/ns/editor-bookmarks/2" lastBookmarkId="0"/>
    <open-files xmlns="http://www.netbeans.org/ns/projectui-open-files/2">
        <group>
            <file>file:/C:/Users/m.dossa/Documents/ADSE_2401/SEM_3/01_jakarta_enterprise_beans/StudentWebApp2401/src/java/com/example/model/Student.java</file>
            <file>file:/C:/Users/m.dossa/Documents/ADSE_2401/SEM_3/01_jakarta_enterprise_beans/StudentWebApp2401/web/index.jsp</file>
            <file>file:/C:/Users/m.dossa/Documents/ADSE_2401/SEM_3/01_jakarta_enterprise_beans/StudentWebApp2401/src/java/com/example/web/StudentServlet.java</file>
            <file>file:/C:/Users/m.dossa/Documents/ADSE_2401/SEM_3/01_jakarta_enterprise_beans/StudentWebApp2401/web/form.jsp</file>
            <file>file:/C:/Users/m.dossa/Documents/ADSE_2401/SEM_3/01_jakarta_enterprise_beans/StudentWebApp2401/src/java/com/example/dao/StudentDAO.java</file>
        </group>
    </open-files>
</project-private>
