<?xml version="1.0" encoding="UTF-8"?>
<project-private xmlns="http://www.netbeans.org/ns/project-private/1">
    <editor-bookmarks xmlns="http://www.netbeans.org/ns/editor-bookmarks/2" lastBookmarkId="0"/>
    <open-files xmlns="http://www.netbeans.org/ns/projectui-open-files/2">
        <group>
            <file>file:/C:/Users/m.dossa/Documents/ADSE_2401/SEM_3/01_jakarta_enterprise_beans/UppercaseBeanWeb_2401/src/java/demo/jndi/UppercaseBean.java</file>
            <file>file:/C:/Users/m.dossa/Documents/ADSE_2401/SEM_3/01_jakarta_enterprise_beans/UppercaseBeanWeb_2401/src/java/uppercase/jndi/UppercaseDemo.java</file>
            <file>file:/C:/Users/m.dossa/Documents/ADSE_2401/SEM_3/01_jakarta_enterprise_beans/UppercaseBeanWeb_2401/web/index.html</file>
            <file>file:/C:/Users/m.dossa/Documents/ADSE_2401/SEM_3/01_jakarta_enterprise_beans/UppercaseBeanWeb_2401/src/java/demo/jndi/UppercaseRemote.java</file>
        </group>
    </open-files>
</project-private>
